{
  "Z_THRESHOLD": 2.915880091684339,
  "PRICE_OVERRIDE_DIST": 25.939033171058586,
  "ADVERSE_STOP_TICKS": 14.82711957498043,
  "COOLDOWN_TS": 3393,
  "REGIME_TIMEOUT_TS": 96457,
  "TAKE_FRACTION": 0.17037697462061446,
  "MAX_PASSIVE_PER_TICK": 95,
  "TRIM_HARD_FAIR_DIST": 8.847298542100349,
  "TRIM_KEEP_FRACTION": 0.8492689420283599,
  "VOUCHER_BASE_TARGET": 71,
  "VOUCHER_DIST_PER_TICK": 5.134055734622978,
  "VOUCHER_MARK_FRACTION": 0.522870077255545,
  "VOUCHER_TAKE_FRACTION": 0.89576532560919,
  "PEAK_EXTRA_MIN_DIST": 21.270183843446162,
  "PEAK_EXTRA_MIN_Z": 3.2351262358668915,
  "VELVET_MM_QUOTE_SIZE": 11,
  "VELVET_MM_MIN_SPREAD": 3,
  "VOUCHER_MM_QUOTE_SIZE": 7,
  "VOUCHER_MM_CONVERGED_TOL": 5,
  "HG_TILT_K": 2.2089620919657285,
  "HG_TILT_CAP": 130,
  "HG_TAKE_THRESHOLD": 27,
  "HG_TAKE_SIZE": 4,
  "HG_TAKE_CAP": 199,
  "HG_MM_QUOTE_SIZE": 19,
  "HG_MM_POS_SOFT": 121,
  "HG_MM_POS_HARD": 134
}